b6069fc68c2ae92e7c06967b565e363612f57903	CHANGELOG.md	ours_custom
b6069fc68c2ae92e7c06967b565e363612f57903	post-continue-empty	skip
c6b3736fe750870912a7d9cc592e6e84f5f12c93	CHANGELOG.md	ours_custom
c6b3736fe750870912a7d9cc592e6e84f5f12c93	post-continue-empty	skip
c682634188dbdd517af870c1d28315a0928fe4df	CHANGELOG.md	ours_custom
c682634188dbdd517af870c1d28315a0928fe4df	post-continue-empty	skip
ff4f59ec9062bfa675257f8fd5ef30df1f5e21db	src/agents/tools/image-tool.e2e.test.ts	ours_custom
ff4f59ec9062bfa675257f8fd5ef30df1f5e21db	src/agents/tools/image-tool.ts	ours_custom
ff4f59ec9062bfa675257f8fd5ef30df1f5e21db	post-continue-empty	skip
7c822d039b69f7ccc5b97f740a2348376549e9e2	CHANGELOG.md	ours_custom
7c822d039b69f7ccc5b97f740a2348376549e9e2	post-continue-empty	skip
be9b5cefbd86f8de2c33d6f95de7147fe73c3c86	src/commands/cleanup-utils.test.ts	theirs_upstream
be9b5cefbd86f8de2c33d6f95de7147fe73c3c86	src/discord/monitor/exec-approvals.test.ts	ours_custom
be9b5cefbd86f8de2c33d6f95de7147fe73c3c86	src/media/local-roots.ts	theirs_upstream
be9b5cefbd86f8de2c33d6f95de7147fe73c3c86	src/web/media.test.ts	ours_custom
be9b5cefbd86f8de2c33d6f95de7147fe73c3c86	post-continue-empty	skip
65f8b46c15f6a9f97c8908fa5f1d7a5207a27f15	src/discord/monitor/exec-approvals.test.ts	ours_custom
65f8b46c15f6a9f97c8908fa5f1d7a5207a27f15	src/web/media.test.ts	ours_custom
65f8b46c15f6a9f97c8908fa5f1d7a5207a27f15	post-continue-empty	skip
c118f6c6883a465d9da4d8ae22fcabcae889bc0e	src/agents/tools/discord-actions-messaging.ts	ours_custom
c118f6c6883a465d9da4d8ae22fcabcae889bc0e	src/channels/plugins/actions/discord/handle-action.ts	ours_custom
c118f6c6883a465d9da4d8ae22fcabcae889bc0e	post-continue-empty	skip
88548784ce47336f76cd2bf47bdcdbf455d3539d	extensions/bluebubbles/src/multipart.ts	ours_custom
108f0ef8c4a95c85fec7f4609042a07cee2089a6	src/cron/service.issue-regressions.test.ts	theirs_upstream
108f0ef8c4a95c85fec7f4609042a07cee2089a6	post-continue-empty	skip
cbf58d2e1c835d9a5b077fef52e88a10a23d1449	CHANGELOG.md	ours_custom
cbf58d2e1c835d9a5b077fef52e88a10a23d1449	post-continue-empty	skip
3a075f029272c9f813fec18adbfb12fbf44c6361	apps/macos/Sources/OpenClaw/AnyCodable+Helpers.swift	ours_custom
3a075f029272c9f813fec18adbfb12fbf44c6361	post-continue-empty	skip
09566b1693f0c04fed9f8476bc42d05574452f55	CHANGELOG.md	ours_custom
09566b1693f0c04fed9f8476bc42d05574452f55	src/logging/diagnostic-session-state.ts	theirs_upstream
09566b1693f0c04fed9f8476bc42d05574452f55	src/logging/diagnostic.test.ts	theirs_upstream
09566b1693f0c04fed9f8476bc42d05574452f55	post-continue-empty	skip
ddcc7a1a5d27161bd547b58a03dc484609d17000	CHANGELOG.md	ours_custom
ddcc7a1a5d27161bd547b58a03dc484609d17000	src/discord/monitor/provider.ts	ours_custom
ddcc7a1a5d27161bd547b58a03dc484609d17000	post-continue-empty	skip
5c233f4ded959502f1e7ca9d7d6dac67e804644c	ui/src/ui/test-helpers/app-mount.ts	ours_custom
5c233f4ded959502f1e7ca9d7d6dac67e804644c	post-continue-empty	skip
84601bf96bfc9c723483327550399c85b4e58f6c	src/agents/pi-embedded-subscribe.e2e-harness.ts	ours_custom
84601bf96bfc9c723483327550399c85b4e58f6c	post-continue-empty	skip
27deda2221a9a0bb45017f0a60d312d435148281	src/gateway/server.agent.gateway-server-agent-a.e2e.test.ts	ours_custom
27deda2221a9a0bb45017f0a60d312d435148281	post-continue-empty	skip
6802b155a806e9b6a5d2a4ef8461becef82c9278	CHANGELOG.md	ours_custom
6802b155a806e9b6a5d2a4ef8461becef82c9278	post-continue-empty	skip
d19b746928e99507d6192340210cb0360e308abf	src/auto-reply/reply/agent-runner.misc.runreplyagent.test.ts	ours_custom
d19b746928e99507d6192340210cb0360e308abf	src/cron/isolated-agent/run.skill-filter.test.ts	theirs_upstream
d19b746928e99507d6192340210cb0360e308abf	post-continue-empty	skip
6b4590be069c3628273d3392fa4131c6a85e4de9	src/agents/openclaw-tools.subagents.recursive-spawn.e2e.test.ts	ours_custom
6b4590be069c3628273d3392fa4131c6a85e4de9	src/agents/openclaw-tools.subagents.sessions-spawn-applies-model-child-session.e2e.test.ts	ours_custom
6b4590be069c3628273d3392fa4131c6a85e4de9	src/agents/openclaw-tools.subagents.sessions-spawn.lifecycle.e2e.test.ts	ours_custom
6b4590be069c3628273d3392fa4131c6a85e4de9	src/agents/tools/sessions-spawn-tool.ts	ours_custom
6b4590be069c3628273d3392fa4131c6a85e4de9	post-continue-empty	skip
89155aa6c63a1318ca8e628158da69bd3c06c377	src/agents/openclaw-tools.subagents.recursive-spawn.e2e.test.ts	ours_custom
89155aa6c63a1318ca8e628158da69bd3c06c377	post-continue-empty	skip
bbcbabab74a3412f55f66a40402cd7735a8da34e	src/agents/bash-tools.process.ts	ours_custom
bbcbabab74a3412f55f66a40402cd7735a8da34e	src/agents/openclaw-tools.sessions.e2e.test.ts	ours_custom
bbcbabab74a3412f55f66a40402cd7735a8da34e	src/agents/openclaw-tools.subagents.recursive-spawn.e2e.test.ts	ours_custom
bbcbabab74a3412f55f66a40402cd7735a8da34e	src/agents/openclaw-tools.subagents.sessions-spawn-applies-model-child-session.e2e.test.ts	ours_custom
bbcbabab74a3412f55f66a40402cd7735a8da34e	src/agents/openclaw-tools.subagents.sessions-spawn.lifecycle.e2e.test.ts	ours_custom
bbcbabab74a3412f55f66a40402cd7735a8da34e	src/agents/tools/sessions-spawn-tool.ts	ours_custom
bbcbabab74a3412f55f66a40402cd7735a8da34e	src/cli/program.test-mocks.ts	theirs_upstream
bbcbabab74a3412f55f66a40402cd7735a8da34e	post-continue-empty	skip
bed0e076205cc040416c588645e7b7cd444d5413	empty	skip
eef13235ad0188d5d20de81d89da10fd87751bc6	src/agents/openclaw-tools.subagents.recursive-spawn.e2e.test.ts	ours_custom
eef13235ad0188d5d20de81d89da10fd87751bc6	src/agents/openclaw-tools.subagents.sessions-spawn-applies-model-child-session.e2e.test.ts	ours_custom
eef13235ad0188d5d20de81d89da10fd87751bc6	src/agents/openclaw-tools.subagents.sessions-spawn.lifecycle.e2e.test.ts	ours_custom
eef13235ad0188d5d20de81d89da10fd87751bc6	post-continue-empty	skip
a91bcd2cf477efe14199f4b9b9a10421f6ce0e29	src/infra/gateway-lock.test.ts	theirs_upstream
a91bcd2cf477efe14199f4b9b9a10421f6ce0e29	post-continue-empty	skip
fd3d452f1f622aa23e64384e9367624553eda066	ui/src/ui/controllers/cron.test.ts	ours_custom
fd3d452f1f622aa23e64384e9367624553eda066	post-continue-empty	skip
f03ea76db30ec10c8f3040f3260cc4583486a518	src/channels/plugins/outbound/slack.ts	ours_custom
f03ea76db30ec10c8f3040f3260cc4583486a518	post-continue-empty	skip
71cee673b2ef2e637120c247cf315afa644f076b	src/gateway/server-methods/sessions.ts	ours_custom
71cee673b2ef2e637120c247cf315afa644f076b	post-continue-empty	skip
166cf6a3e04c7df42bea70a7ad5ce2b9df46d147	CHANGELOG.md	ours_custom
166cf6a3e04c7df42bea70a7ad5ce2b9df46d147	post-continue-empty	skip
cd44a0d01e9fe195dcc6b031b8597957257d3571	src/agents/bash-tools.exec-runtime.ts	ours_custom
cd44a0d01e9fe195dcc6b031b8597957257d3571	src/agents/cli-runner/helpers.ts	ours_custom
cd44a0d01e9fe195dcc6b031b8597957257d3571	post-continue-empty	skip
d95be2c384a3fcf0f91cb00436bd429ff4a1ec0e	src/agents/tool-policy.e2e.test.ts	ours_custom
d95be2c384a3fcf0f91cb00436bd429ff4a1ec0e	post-continue-empty	skip
6254e96acf16e70ceccc8f9b2abecee44d606f79	empty	skip
887b209db47f1f9322fead241a1c0b043fd38339	CHANGELOG.md	ours_custom
887b209db47f1f9322fead241a1c0b043fd38339	post-continue-empty	skip
adc818db4a4b3b8d663e7674ef20436947514e1b	src/gateway/gateway-misc.test.ts	ours_custom
adc818db4a4b3b8d663e7674ef20436947514e1b	post-continue-empty	skip
b88f377623a0858dcc905800d3593246b8335523	src/agents/test-helpers/fast-tool-stubs.ts	ours_custom
b88f377623a0858dcc905800d3593246b8335523	post-continue-empty	skip
ba84b12535b7d272cb4793109afc56dd332b32a0	CHANGELOG.md	ours_custom
ba84b12535b7d272cb4793109afc56dd332b32a0	git-hooks/pre-commit	theirs_upstream
ba84b12535b7d272cb4793109afc56dd332b32a0	post-continue-empty	skip
6754a926ee227f72f894044a883b5fdaad047662	src/commands/doctor.e2e-harness.ts	theirs_upstream
6754a926ee227f72f894044a883b5fdaad047662	src/pairing/pairing-store.ts	theirs_upstream
6754a926ee227f72f894044a883b5fdaad047662	post-continue-empty	skip
cf69907015b659e5025efb735ee31bd05c4ee3d5	CHANGELOG.md	ours_custom
cf69907015b659e5025efb735ee31bd05c4ee3d5	post-continue-empty	skip
c6c53437f7da033b94a01d492e904974e7bda74c	src/agents/openclaw-tools.subagents.sessions-spawn-normalizes-allowlisted-agent-ids.e2e.test.ts	ours_custom
c6c53437f7da033b94a01d492e904974e7bda74c	src/agents/tools/sessions-history-tool.ts	ours_custom
c6c53437f7da033b94a01d492e904974e7bda74c	src/agents/tools/sessions-list-tool.ts	ours_custom
c6c53437f7da033b94a01d492e904974e7bda74c	src/agents/tools/sessions-send-tool.ts	ours_custom
c6c53437f7da033b94a01d492e904974e7bda74c	src/config/schema.help.ts	ours_custom
c6c53437f7da033b94a01d492e904974e7bda74c	src/config/schema.labels.ts	ours_custom
c6c53437f7da033b94a01d492e904974e7bda74c	post-continue-empty	skip
2363e1b0853a028e47f90dcc1066e3e9809d65f1	CHANGELOG.md	ours_custom
2363e1b0853a028e47f90dcc1066e3e9809d65f1	post-continue-empty	skip
17a148c8a847d4270bf22201c8cf0f79f4b8ce66	src/agents/system-prompt.ts	ours_custom
17a148c8a847d4270bf22201c8cf0f79f4b8ce66	post-continue-empty	skip
053affffecec45aa88fea29e123b69236b4bc1ab	src/cron/isolated-agent/run.skill-filter.test.ts	theirs_upstream
053affffecec45aa88fea29e123b69236b4bc1ab	src/cron/isolated-agent/run.ts	ours_custom
053affffecec45aa88fea29e123b69236b4bc1ab	post-continue-empty	skip
61c99352640ff9746fcd613262201377ea5b2ffb	src/cron/isolated-agent/run.ts	ours_custom
61c99352640ff9746fcd613262201377ea5b2ffb	post-continue-empty	skip
ac2ede5bb1d55b4119b95f6420c55c20123783fc	src/telegram/send.returns-undefined-empty-input.test.ts	ours_custom
ac2ede5bb1d55b4119b95f6420c55c20123783fc	post-continue-empty	skip
aef1d55300083c951c27ac3ee629e99f3b450906	src/agents/skills/workspace.ts	ours_custom
aef1d55300083c951c27ac3ee629e99f3b450906	src/cron/isolated-agent/run.skill-filter.test.ts	theirs_upstream
aef1d55300083c951c27ac3ee629e99f3b450906	src/cron/isolated-agent/run.ts	ours_custom
aef1d55300083c951c27ac3ee629e99f3b450906	post-continue-empty	skip
559c8d9930eebb5356506ff1a8cd3dbaec92be77	CHANGELOG.md	ours_custom
559c8d9930eebb5356506ff1a8cd3dbaec92be77	post-continue-empty	skip
41ded303b4f6dae5afa854531ff837c3276ad60b	CHANGELOG.md	ours_custom
41ded303b4f6dae5afa854531ff837c3276ad60b	post-continue-empty	skip
61a865031faf723f86c8c8dc6e3b4dc3b7b02db4	pnpm-lock.yaml	ours_custom
61a865031faf723f86c8c8dc6e3b4dc3b7b02db4	post-continue-empty	skip
39bb1b33222e44139128c3a9e04124df97e7d934	CHANGELOG.md	ours_custom
39bb1b33222e44139128c3a9e04124df97e7d934	post-continue-empty	skip
cb391f4bdc75f069ccf642842b25966932068ff2	src/config/merge-patch.test.ts	ours_custom
cb391f4bdc75f069ccf642842b25966932068ff2	post-continue-empty	skip
f4b2fd00bc9013ae8f0e2a7aad5ae09fdbd720c1	CHANGELOG.md	ours_custom
f4b2fd00bc9013ae8f0e2a7aad5ae09fdbd720c1	src/config/merge-patch.test.ts	ours_custom
f4b2fd00bc9013ae8f0e2a7aad5ae09fdbd720c1	post-continue-empty	skip
095d522099653367e1b76fa5bb09d4ddf7c8a57c	src/config/sessions/sessions.test.ts	ours_custom
095d522099653367e1b76fa5bb09d4ddf7c8a57c	post-continue-empty	skip
fec4be8dec67019bf058f0d5a1b9f4fb4cd49f1b	src/cron/service/jobs.ts	theirs_upstream
fec4be8dec67019bf058f0d5a1b9f4fb4cd49f1b	post-continue-empty	skip
2983ef0243b319ed02823a126387abee0ebd8cb0	.github/workflows/sandbox-common-smoke.yml	theirs_upstream
2983ef0243b319ed02823a126387abee0ebd8cb0	post-continue-empty	skip
1e4cf489e0dbd7a54daa09eca887f6738afb0d1d	.github/workflows/install-smoke.yml	theirs_upstream
1e4cf489e0dbd7a54daa09eca887f6738afb0d1d	.github/workflows/sandbox-common-smoke.yml	theirs_upstream
1e4cf489e0dbd7a54daa09eca887f6738afb0d1d	.github/workflows/workflow-sanity.yml	theirs_upstream
1e4cf489e0dbd7a54daa09eca887f6738afb0d1d	post-continue-empty	skip
c62b90a2b7000538954268cf7c415f74e43c7224	src/telegram/bot-message-dispatch.test.ts	ours_custom
c62b90a2b7000538954268cf7c415f74e43c7224	src/telegram/bot-message-dispatch.ts	ours_custom
c62b90a2b7000538954268cf7c415f74e43c7224	post-continue-empty	skip
c8a536e30a175dccac68478d23963f17c4183343	CHANGELOG.md	ours_custom
c8a536e30a175dccac68478d23963f17c4183343	post-continue-empty	skip
7c240a2b5858d0c507ae31a610baff1079cb1dba	CHANGELOG.md	ours_custom
7c240a2b5858d0c507ae31a610baff1079cb1dba	src/discord/monitor/message-handler.process.test.ts	ours_custom
7c240a2b5858d0c507ae31a610baff1079cb1dba	post-continue-empty	skip
4e930db432e1c0fc269fd4a40abfb46e804714cd	empty	skip
e5eb5b3e43d78a0beca7bd917f65eeadb73a033d	CHANGELOG.md	ours_custom
e5eb5b3e43d78a0beca7bd917f65eeadb73a033d	src/logging/diagnostic-session-state.ts	theirs_upstream
e5eb5b3e43d78a0beca7bd917f65eeadb73a033d	src/logging/diagnostic.ts	theirs_upstream
e5eb5b3e43d78a0beca7bd917f65eeadb73a033d	post-continue-empty	skip
b2aa6e094db73210376a7ed3dc72f506398dfdaa	CHANGELOG.md	ours_custom
b2aa6e094db73210376a7ed3dc72f506398dfdaa	src/auto-reply/reply/abort.test.ts	ours_custom
b2aa6e094db73210376a7ed3dc72f506398dfdaa	src/telegram/bot.create-telegram-bot.test.ts	ours_custom
b2aa6e094db73210376a7ed3dc72f506398dfdaa	post-continue-empty	skip
0cff8bc4e6977d7ba3a6ade0551c4548f30f8a2b	src/telegram/bot/delivery.test.ts	ours_custom
0cff8bc4e6977d7ba3a6ade0551c4548f30f8a2b	src/telegram/bot/helpers.test.ts	ours_custom
0cff8bc4e6977d7ba3a6ade0551c4548f30f8a2b	src/telegram/bot/helpers.ts	ours_custom
0cff8bc4e6977d7ba3a6ade0551c4548f30f8a2b	src/telegram/draft-stream.test.ts	ours_custom
0cff8bc4e6977d7ba3a6ade0551c4548f30f8a2b	post-continue-empty	skip
ad27716d3f02ccbf10908086c8ed1008bc7b284a	CHANGELOG.md	ours_custom
ad27716d3f02ccbf10908086c8ed1008bc7b284a	apps/ios/Sources/Settings/SettingsTab.swift	ours_custom
ad27716d3f02ccbf10908086c8ed1008bc7b284a	post-continue-empty	skip
b3859b488cbecf9287d7bef203b9c163ddc47665	CHANGELOG.md	ours_custom
b3859b488cbecf9287d7bef203b9c163ddc47665	apps/ios/Sources/Settings/SettingsTab.swift	ours_custom
b3859b488cbecf9287d7bef203b9c163ddc47665	post-continue-empty	skip
9e26fe44597adf46dbf6a53b3a037a9ec671e161	CHANGELOG.md	ours_custom
9e26fe44597adf46dbf6a53b3a037a9ec671e161	post-continue-empty	skip
244ed9db391aa964567ab38c868beed2b595e70a	CHANGELOG.md	ours_custom
244ed9db391aa964567ab38c868beed2b595e70a	src/telegram/bot-message-dispatch.test.ts	ours_custom
244ed9db391aa964567ab38c868beed2b595e70a	src/telegram/bot-message-dispatch.ts	ours_custom
244ed9db391aa964567ab38c868beed2b595e70a	src/telegram/draft-stream.ts	ours_custom
244ed9db391aa964567ab38c868beed2b595e70a	post-continue-empty	skip
dddb1bc942521f5f195741674299d2014ad30fc6	CHANGELOG.md	ours_custom
dddb1bc942521f5f195741674299d2014ad30fc6	src/agents/pi-embedded-runner/run/payloads.e2e.test.ts	ours_custom
dddb1bc942521f5f195741674299d2014ad30fc6	src/agents/pi-embedded-runner/run/payloads.ts	ours_custom
dddb1bc942521f5f195741674299d2014ad30fc6	src/telegram/bot-message-dispatch.test.ts	ours_custom
dddb1bc942521f5f195741674299d2014ad30fc6	src/telegram/bot-message-dispatch.ts	ours_custom
dddb1bc942521f5f195741674299d2014ad30fc6	src/telegram/draft-stream.test.ts	ours_custom
dddb1bc942521f5f195741674299d2014ad30fc6	src/telegram/draft-stream.ts	ours_custom
dddb1bc942521f5f195741674299d2014ad30fc6	post-continue-empty	skip
83b1ae895e651530cd99ad1780b8649ed39788ef	src/agents/pi-embedded-runner.sanitize-session-history.test.ts	ours_custom
83b1ae895e651530cd99ad1780b8649ed39788ef	post-continue-empty	skip
67250f059aa6e62a8b6334311586e12454b04b0e	CHANGELOG.md	ours_custom
67250f059aa6e62a8b6334311586e12454b04b0e	src/slack/monitor/media.ts	ours_custom
67250f059aa6e62a8b6334311586e12454b04b0e	src/slack/monitor/message-handler/prepare.test.ts	ours_custom
67250f059aa6e62a8b6334311586e12454b04b0e	post-continue-empty	skip
fb996031bc0ff7d35b861e97495f05e67b73013d	src/process/kill-tree.ts	theirs_upstream
fb996031bc0ff7d35b861e97495f05e67b73013d	src/process/supervisor/adapters/pty.test.ts	theirs_upstream
fb996031bc0ff7d35b861e97495f05e67b73013d	src/process/supervisor/adapters/pty.ts	theirs_upstream
fb996031bc0ff7d35b861e97495f05e67b73013d	post-continue-empty	skip
3fff266d52375fabee1c8def6cd800d72b8d7051	CHANGELOG.md	ours_custom
3fff266d52375fabee1c8def6cd800d72b8d7051	post-continue-empty	skip
accb6734902e8c82fd1e6c13792c61925f3225bf	empty	skip
bbb5fbc71f1a70dd4c0aaa748b70f353c347b9d9	CHANGELOG.md	ours_custom
bbb5fbc71f1a70dd4c0aaa748b70f353c347b9d9	scripts/ui.js	theirs_upstream
bbb5fbc71f1a70dd4c0aaa748b70f353c347b9d9	post-continue-empty	skip
3518554e23680d04d97976cd5ab25ef0766d0a2a	CHANGELOG.md	ours_custom
3518554e23680d04d97976cd5ab25ef0766d0a2a	src/infra/heartbeat-runner.respects-ackmaxchars-heartbeat-acks.test.ts	theirs_upstream
3518554e23680d04d97976cd5ab25ef0766d0a2a	src/infra/heartbeat-runner.ts	ours_custom
3518554e23680d04d97976cd5ab25ef0766d0a2a	post-continue-empty	skip
2b3ecee7c5b32c9391f58799d94277ae0e0caa0d	CHANGELOG.md	ours_custom
2b3ecee7c5b32c9391f58799d94277ae0e0caa0d	src/agents/tools/discord-actions.e2e.test.ts	ours_custom
2b3ecee7c5b32c9391f58799d94277ae0e0caa0d	src/agents/tools/discord-actions.ts	ours_custom
2b3ecee7c5b32c9391f58799d94277ae0e0caa0d	src/agents/tools/telegram-actions.e2e.test.ts	ours_custom
2b3ecee7c5b32c9391f58799d94277ae0e0caa0d	src/agents/tools/telegram-actions.ts	ours_custom
2b3ecee7c5b32c9391f58799d94277ae0e0caa0d	src/channels/plugins/actions/actions.test.ts	ours_custom
2b3ecee7c5b32c9391f58799d94277ae0e0caa0d	src/channels/plugins/actions/discord.ts	ours_custom
2b3ecee7c5b32c9391f58799d94277ae0e0caa0d	src/channels/plugins/actions/telegram.ts	ours_custom
2b3ecee7c5b32c9391f58799d94277ae0e0caa0d	src/discord/accounts.ts	ours_custom
2b3ecee7c5b32c9391f58799d94277ae0e0caa0d	post-continue-empty	skip
fbda9a93fda35558d57d3273dceffe05d9de10db	CHANGELOG.md	ours_custom
fbda9a93fda35558d57d3273dceffe05d9de10db	src/agents/failover-error.ts	ours_custom
fbda9a93fda35558d57d3273dceffe05d9de10db	src/agents/pi-embedded-helpers.isbillingerrormessage.e2e.test.ts	ours_custom
fbda9a93fda35558d57d3273dceffe05d9de10db	post-continue-empty	skip
4ca75bed56047e283da18eb28aa6d310356f3456	src/agents/pi-auth-json.test.ts	ours_custom
4ca75bed56047e283da18eb28aa6d310356f3456	src/agents/pi-auth-json.ts	ours_custom
4ca75bed56047e283da18eb28aa6d310356f3456	src/commands/models/list.registry.ts	theirs_upstream
4ca75bed56047e283da18eb28aa6d310356f3456	post-continue-empty	skip
ce4b4d947ce9523f01db12c07cd5b601d0eb6027	empty	skip
bb8df6ab8d33eec4e9744cb3190ef880544a0d03	empty	skip
f924ab40d83546a892ddebdea92c77c7d6c99581	empty	skip
f79cf3a01d8fab852740be838d2c4917b3e45732	empty	skip
0aa28c71cabbfd055d14644ee570b1f290e0c692	CHANGELOG.md	ours_custom
0aa28c71cabbfd055d14644ee570b1f290e0c692	post-continue-empty	skip
f7e75d2c5c53e8d16d6385b2ebc2b88ce0f34ee3	CHANGELOG.md	ours_custom
f7e75d2c5c53e8d16d6385b2ebc2b88ce0f34ee3	src/commands/doctor-config-flow.e2e.test.ts	theirs_upstream
f7e75d2c5c53e8d16d6385b2ebc2b88ce0f34ee3	src/commands/doctor-config-flow.ts	theirs_upstream
f7e75d2c5c53e8d16d6385b2ebc2b88ce0f34ee3	post-continue-empty	skip
966e5560f837e43879c72078433366b7cee4a79e	src/telegram/bot-message-context.ts	ours_custom
966e5560f837e43879c72078433366b7cee4a79e	post-continue-empty	skip
391796a3fb219aef54b13a02f15d36b18d2a532c	src/agents/tools/image-tool.e2e.test.ts	ours_custom
391796a3fb219aef54b13a02f15d36b18d2a532c	src/agents/tools/image-tool.ts	ours_custom
391796a3fb219aef54b13a02f15d36b18d2a532c	post-continue-empty	skip
3df8305cb6a29f7fe7ba00008fde4d4fbd2b16f0	CHANGELOG.md	ours_custom
3df8305cb6a29f7fe7ba00008fde4d4fbd2b16f0	ui/src/ui/app-render.ts	ours_custom
3df8305cb6a29f7fe7ba00008fde4d4fbd2b16f0	ui/src/ui/controllers/sessions.ts	ours_custom
3df8305cb6a29f7fe7ba00008fde4d4fbd2b16f0	post-continue-empty	skip
ae82371d8a541c49931598c0ade3e10ba869f07d	empty	skip
6070116382aab73e41138f1d48b516cf05f17207	src/agents/bash-tools.exec-runtime.ts	ours_custom
6070116382aab73e41138f1d48b516cf05f17207	src/agents/bash-tools.exec.ts	ours_custom
6070116382aab73e41138f1d48b516cf05f17207	post-continue-empty	skip
81fd771cb9989dbafea74f8912016a2cf8017ff2	src/gateway/server-methods/chat.ts	ours_custom
81fd771cb9989dbafea74f8912016a2cf8017ff2	src/gateway/server.chat.gateway-server-chat-b.e2e.test.ts	ours_custom
81fd771cb9989dbafea74f8912016a2cf8017ff2	post-continue-empty	skip
7a00f056af0ea6a167c175ff50c317c3eee65af9	src/agents/sandbox/shared.ts	ours_custom
7a00f056af0ea6a167c175ff50c317c3eee65af9	post-continue-empty	skip
1486eb66fd17c08e284cf819585511bafaf9d33e	src/commands/configure.gateway.e2e.test.ts	theirs_upstream
1486eb66fd17c08e284cf819585511bafaf9d33e	src/commands/configure.gateway.ts	theirs_upstream
1486eb66fd17c08e284cf819585511bafaf9d33e	post-continue-empty	skip
52b624ccae8921608004d586dd7183e529897786	CHANGELOG.md	ours_custom
52b624ccae8921608004d586dd7183e529897786	src/commands/doctor-gateway-services.test.ts	theirs_upstream
52b624ccae8921608004d586dd7183e529897786	src/commands/doctor-gateway-services.ts	theirs_upstream
52b624ccae8921608004d586dd7183e529897786	post-continue-empty	skip
826e62a3bce109ca899590c24c35b6bc913576cd	src/config/sessions/store.pruning.e2e.test.ts	ours_custom
826e62a3bce109ca899590c24c35b6bc913576cd	src/config/sessions/store.ts	ours_custom
826e62a3bce109ca899590c24c35b6bc913576cd	post-continue-empty	skip
759c7fc18e4883a1068944793c0ea4bb310b119d	empty	skip
950f36feff3486fb65d611f544c537e73351533a	empty	skip
ffe1ba68b92af39c0ba97eacfa3a135e38075adf	extensions/voice-call/src/webhook.ts	ours_custom
ffe1ba68b92af39c0ba97eacfa3a135e38075adf	post-continue-empty	skip
16327f21dadc12c4793d9a7bc8e033dacac09764	CHANGELOG.md	ours_custom
16327f21dadc12c4793d9a7bc8e033dacac09764	src/agents/tools/message-tool.e2e.test.ts	ours_custom
16327f21dadc12c4793d9a7bc8e033dacac09764	src/telegram/bot-message-dispatch.ts	ours_custom
16327f21dadc12c4793d9a7bc8e033dacac09764	post-continue-empty	skip
67014228cffa6c686f30d5a07345cf658fa890cc	CHANGELOG.md	ours_custom
67014228cffa6c686f30d5a07345cf658fa890cc	src/agents/subagent-registry.announce-loop-guard.test.ts	ours_custom
67014228cffa6c686f30d5a07345cf658fa890cc	src/agents/subagent-registry.steer-restart.test.ts	ours_custom
67014228cffa6c686f30d5a07345cf658fa890cc	src/agents/subagent-registry.ts	ours_custom
67014228cffa6c686f30d5a07345cf658fa890cc	src/web/test-helpers.ts	ours_custom
67014228cffa6c686f30d5a07345cf658fa890cc	post-continue-empty	skip
4b40bdb98e9c5df2fdbe8c01ff78d3aaa18eec7d	CHANGELOG.md	ours_custom
4b40bdb98e9c5df2fdbe8c01ff78d3aaa18eec7d	post-continue-empty	skip
eaa2f7a7bf62a90909eb8c756358708550478ca6	extensions/openclaw-zh-cn-ui/README.md	ours_custom
eaa2f7a7bf62a90909eb8c756358708550478ca6	extensions/whatsapp/src/channel.send-options.test.ts	ours_custom
eaa2f7a7bf62a90909eb8c756358708550478ca6	scripts/cron_usage_report.ts	theirs_upstream
eaa2f7a7bf62a90909eb8c756358708550478ca6	src/agents/pi-embedded-runner/extra-params.zai-tool-stream.test.ts	ours_custom
eaa2f7a7bf62a90909eb8c756358708550478ca6	src/agents/session-tool-result-guard.ts	ours_custom
eaa2f7a7bf62a90909eb8c756358708550478ca6	src/auto-reply/reply/commands-export-session.ts	ours_custom
eaa2f7a7bf62a90909eb8c756358708550478ca6	src/auto-reply/reply/commands-mesh.ts	ours_custom
eaa2f7a7bf62a90909eb8c756358708550478ca6	src/auto-reply/reply/export-html/template.css	ours_custom
eaa2f7a7bf62a90909eb8c756358708550478ca6	src/auto-reply/reply/export-html/template.html	ours_custom
eaa2f7a7bf62a90909eb8c756358708550478ca6	src/auto-reply/reply/export-html/template.js	ours_custom
eaa2f7a7bf62a90909eb8c756358708550478ca6	src/auto-reply/reply/session.ts	ours_custom
eaa2f7a7bf62a90909eb8c756358708550478ca6	src/config/sessions/store.ts	ours_custom
eaa2f7a7bf62a90909eb8c756358708550478ca6	src/cron/isolated-agent/run.ts	ours_custom
eaa2f7a7bf62a90909eb8c756358708550478ca6	src/cron/isolated-agent/session.test.ts	theirs_upstream
eaa2f7a7bf62a90909eb8c756358708550478ca6	src/cron/run-log.ts	theirs_upstream
eaa2f7a7bf62a90909eb8c756358708550478ca6	src/daemon/service-audit.test.ts	theirs_upstream
eaa2f7a7bf62a90909eb8c756358708550478ca6	src/discord/monitor/threading.auto-thread.test.ts	ours_custom
eaa2f7a7bf62a90909eb8c756358708550478ca6	src/gateway/server-methods/mesh.test.ts	ours_custom
eaa2f7a7bf62a90909eb8c756358708550478ca6	src/gateway/server-methods/mesh.ts	ours_custom
eaa2f7a7bf62a90909eb8c756358708550478ca6	src/infra/heartbeat-runner.transcript-prune.test.ts	theirs_upstream
eaa2f7a7bf62a90909eb8c756358708550478ca6	src/infra/system-presence.ts	theirs_upstream
eaa2f7a7bf62a90909eb8c756358708550478ca6	src/plugins/hooks.ts	theirs_upstream
eaa2f7a7bf62a90909eb8c756358708550478ca6	src/plugins/types.ts	theirs_upstream
eaa2f7a7bf62a90909eb8c756358708550478ca6	src/routing/session-key.continuity.test.ts	theirs_upstream
eaa2f7a7bf62a90909eb8c756358708550478ca6	src/web/inbound/send-api.ts	ours_custom
eaa2f7a7bf62a90909eb8c756358708550478ca6	src/web/outbound.ts	ours_custom
eaa2f7a7bf62a90909eb8c756358708550478ca6	post-continue-empty	skip
83a8b78a42483dad24ec95c5080c95427cb56dd3	src/agents/tool-loop-detection.ts	ours_custom
83a8b78a42483dad24ec95c5080c95427cb56dd3	post-continue-empty	skip
12a947223b8251abba15b488a9f3f18538bc67d6	extensions/linq/package.json	ours_custom
12a947223b8251abba15b488a9f3f18538bc67d6	src/cron/schedule.ts	theirs_upstream
12a947223b8251abba15b488a9f3f18538bc67d6	src/discord/monitor/message-handler.process.test.ts	ours_custom
12a947223b8251abba15b488a9f3f18538bc67d6	src/infra/heartbeat-runner.transcript-prune.test.ts	theirs_upstream
12a947223b8251abba15b488a9f3f18538bc67d6	src/web/inbound/monitor.ts	ours_custom
12a947223b8251abba15b488a9f3f18538bc67d6	src/web/monitor-inbox.captures-media-path-image-messages.test.ts	ours_custom
12a947223b8251abba15b488a9f3f18538bc67d6	post-continue-empty	skip
a186ce21586af8fe10f2bed4094bf4d6f94b013c	src/web/inbound/send-api.ts	ours_custom
a186ce21586af8fe10f2bed4094bf4d6f94b013c	post-continue-empty	skip
b3d0e0cb458265fa234176cddc8af136733a4d15	src/cron/isolated-agent/session.test.ts	theirs_upstream
b3d0e0cb458265fa234176cddc8af136733a4d15	src/cron/isolated-agent/session.ts	theirs_upstream
b3d0e0cb458265fa234176cddc8af136733a4d15	src/cron/schedule.ts	theirs_upstream
b3d0e0cb458265fa234176cddc8af136733a4d15	post-continue-empty	skip
19ae7a4e17d80b7274ac04ad8d0ceff6b31afa85	src/hooks/bundled/session-memory/handler.test.ts	theirs_upstream
19ae7a4e17d80b7274ac04ad8d0ceff6b31afa85	src/hooks/bundled/session-memory/handler.ts	theirs_upstream
19ae7a4e17d80b7274ac04ad8d0ceff6b31afa85	post-continue-empty	skip
20957efa467403419442e1a45fd76d095fd7c6df	src/process/kill-tree.ts	theirs_upstream
20957efa467403419442e1a45fd76d095fd7c6df	post-continue-empty	skip
32c66aff49fcdb295484dd94f56c9c8a8f0d9482	src/process/exec.ts	theirs_upstream
32c66aff49fcdb295484dd94f56c9c8a8f0d9482	post-continue-empty	skip
12ce358da5ea190af1c3840e55d306f392d40c9a	src/agents/pi-embedded-helpers/errors.ts	ours_custom
12ce358da5ea190af1c3840e55d306f392d40c9a	post-continue-empty	skip
290f33759468f3a52603d92f26b5f7d469684887	docs/telegram-sanitizer.md	theirs_upstream
290f33759468f3a52603d92f26b5f7d469684887	post-continue-empty	skip
b60b44b42e5931c5324346011d1128495022b526	scripts/ui.js	theirs_upstream
b60b44b42e5931c5324346011d1128495022b526	post-continue-empty	skip
24f213e7edd4c1418aa059ebf00c6497d4c0f501	src/agents/tool-display-common.ts	ours_custom
24f213e7edd4c1418aa059ebf00c6497d4c0f501	src/agents/tool-display.ts	ours_custom
24f213e7edd4c1418aa059ebf00c6497d4c0f501	ui/src/ui/tool-display.ts	ours_custom
24f213e7edd4c1418aa059ebf00c6497d4c0f501	post-continue-empty	skip
facfa410a7f282eb2054cec1304f69d9b2df12b7	src/agents/tool-display-common.ts	ours_custom
facfa410a7f282eb2054cec1304f69d9b2df12b7	src/agents/tool-display.e2e.test.ts	ours_custom
facfa410a7f282eb2054cec1304f69d9b2df12b7	src/agents/tool-display.ts	ours_custom
facfa410a7f282eb2054cec1304f69d9b2df12b7	ui/src/ui/tool-display.ts	ours_custom
facfa410a7f282eb2054cec1304f69d9b2df12b7	post-continue-empty	skip
6d31d1ecc6eace22f9d629103eff6c203a186f2f	src/plugins/hooks.before-agent-start.test.ts	theirs_upstream
6d31d1ecc6eace22f9d629103eff6c203a186f2f	src/plugins/hooks.ts	theirs_upstream
6d31d1ecc6eace22f9d629103eff6c203a186f2f	post-continue-empty	skip
087edec93f7be8c3210d06b2430ff08037f43b45	src/slack/draft-stream.test.ts	ours_custom
087edec93f7be8c3210d06b2430ff08037f43b45	src/slack/draft-stream.ts	ours_custom
087edec93f7be8c3210d06b2430ff08037f43b45	src/slack/monitor/message-handler/dispatch.ts	ours_custom
087edec93f7be8c3210d06b2430ff08037f43b45	post-continue-empty	skip
89ce1460e15d6f2219cc5ffb866b8b91f19ae2a1	src/slack/monitor/message-handler/dispatch.ts	ours_custom
89ce1460e15d6f2219cc5ffb866b8b91f19ae2a1	post-continue-empty	skip
b05273de61b69019fba7293583db9d10a0c40555	src/commands/doctor-config-flow.e2e.test.ts	theirs_upstream
b05273de61b69019fba7293583db9d10a0c40555	src/commands/doctor-config-flow.ts	theirs_upstream
b05273de61b69019fba7293583db9d10a0c40555	post-continue-empty	skip
93fbe6482b49ac51b7911ed3ea5e8246fc0a1414	src/config/sessions/store.pruning.e2e.test.ts	ours_custom
93fbe6482b49ac51b7911ed3ea5e8246fc0a1414	post-continue-empty	skip
0587e4cc73290674c32cc9f6edff11ff1b2e9178	src/agents/pi-embedded-subscribe.tools.media.test.ts	ours_custom
0587e4cc73290674c32cc9f6edff11ff1b2e9178	src/agents/pi-embedded-subscribe.tools.ts	ours_custom
0587e4cc73290674c32cc9f6edff11ff1b2e9178	post-continue-empty	skip
01b37f1d3248029da8589e1e6559c76f2d38ac03	src/telegram/bot/delivery.resolve-media-retry.test.ts	ours_custom
01b37f1d3248029da8589e1e6559c76f2d38ac03	src/telegram/bot/delivery.ts	ours_custom
01b37f1d3248029da8589e1e6559c76f2d38ac03	post-continue-empty	skip
5f821ed06731e81002b69af329a151da4efdafa2	src/auto-reply/reply/session.test.ts	ours_custom
5f821ed06731e81002b69af329a151da4efdafa2	post-continue-empty	skip
f2756118621299aa3f981bc4299adc0ed7603a59	src/agents/sandbox/shared.ts	ours_custom
f2756118621299aa3f981bc4299adc0ed7603a59	post-continue-empty	skip
075317ab169efb10bcaa631818d05857b09108d3	ui/src/i18n/lib/translate.ts	ours_custom
075317ab169efb10bcaa631818d05857b09108d3	ui/src/ui/views/overview.ts	ours_custom
075317ab169efb10bcaa631818d05857b09108d3	post-continue-empty	skip
1bb2d65ff3b364e907658f021f93b5fa10fffe68	ui/src/i18n/lib/translate.ts	ours_custom
1bb2d65ff3b364e907658f021f93b5fa10fffe68	ui/src/ui/app-render.ts	ours_custom
1bb2d65ff3b364e907658f021f93b5fa10fffe68	post-continue-empty	skip
98ed2e7130ee37f4380be98c7f72e361171fa8f9	ui/src/i18n/locales/zh-TW.ts	ours_custom
98ed2e7130ee37f4380be98c7f72e361171fa8f9	post-continue-empty	skip
d30f5a2438e1b194b518ba675cf05d5d7ac4fd66	ui/src/i18n/lib/translate.ts	ours_custom
d30f5a2438e1b194b518ba675cf05d5d7ac4fd66	ui/src/i18n/test/translate.test.ts	ours_custom
d30f5a2438e1b194b518ba675cf05d5d7ac4fd66	ui/src/ui/app-render.ts	ours_custom
f20bef3d79ffff5915149c0c595c1aa64cf4b105	ui/src/ui/views/overview.ts	ours_custom
f20bef3d79ffff5915149c0c595c1aa64cf4b105	post-continue-empty	skip
a03fec2a3fe0b76e8e20c14c915915126b50e0c8	src/agents/tools/telegram-actions.ts	ours_custom
a03fec2a3fe0b76e8e20c14c915915126b50e0c8	post-continue-empty	skip
838259331f84237e2b538fae2473d2d88782d587	src/agents/pi-embedded-runner/run.overflow-compaction.fixture.ts	ours_custom
838259331f84237e2b538fae2473d2d88782d587	src/agents/pi-embedded-runner/run.ts	ours_custom
838259331f84237e2b538fae2473d2d88782d587	src/agents/pi-embedded-subscribe.handlers.types.ts	ours_custom
838259331f84237e2b538fae2473d2d88782d587	src/agents/pi-embedded-subscribe.ts	ours_custom
838259331f84237e2b538fae2473d2d88782d587	post-continue-empty	skip
a02bcb362030262d8cd78b621ecd519fb6987cac	src/agents/pi-embedded-subscribe.handlers.tools.media.test.ts	ours_custom
a02bcb362030262d8cd78b621ecd519fb6987cac	src/agents/pi-embedded-subscribe.handlers.tools.test.ts	ours_custom
a02bcb362030262d8cd78b621ecd519fb6987cac	src/plugins/wired-hooks-after-tool-call.e2e.test.ts	theirs_upstream
a02bcb362030262d8cd78b621ecd519fb6987cac	post-continue-empty	skip
4641e452dd51f45d2a6e29fcc548197eaf550f75	docs/es/bedrock.md	theirs_upstream
4641e452dd51f45d2a6e29fcc548197eaf550f75	docs/es/broadcast-groups.md	theirs_upstream
4641e452dd51f45d2a6e29fcc548197eaf550f75	docs/es/concepts/channel-routing.md	theirs_upstream
4641e452dd51f45d2a6e29fcc548197eaf550f75	docs/es/concepts/group-messages.md	theirs_upstream
4641e452dd51f45d2a6e29fcc548197eaf550f75	docs/es/concepts/groups.md	theirs_upstream
4641e452dd51f45d2a6e29fcc548197eaf550f75	docs/es/debugging.md	theirs_upstream
4641e452dd51f45d2a6e29fcc548197eaf550f75	docs/es/environment.md	theirs_upstream
4641e452dd51f45d2a6e29fcc548197eaf550f75	docs/es/gateway/security/formal-verification.md	theirs_upstream
4641e452dd51f45d2a6e29fcc548197eaf550f75	docs/es/hooks.md	theirs_upstream
4641e452dd51f45d2a6e29fcc548197eaf550f75	docs/es/hooks/soul-evil.md	theirs_upstream
4641e452dd51f45d2a6e29fcc548197eaf550f75	docs/es/multi-agent-sandbox-tools.md	theirs_upstream
4641e452dd51f45d2a6e29fcc548197eaf550f75	docs/es/scripts.md	theirs_upstream
4641e452dd51f45d2a6e29fcc548197eaf550f75	docs/es/start/pairing.md	theirs_upstream
4641e452dd51f45d2a6e29fcc548197eaf550f75	docs/es/testing.md	theirs_upstream
4641e452dd51f45d2a6e29fcc548197eaf550f75	docs/es/token-use.md	theirs_upstream
4641e452dd51f45d2a6e29fcc548197eaf550f75	docs/pt-BR/bedrock.md	theirs_upstream
4641e452dd51f45d2a6e29fcc548197eaf550f75	docs/pt-BR/broadcast-groups.md	theirs_upstream
4641e452dd51f45d2a6e29fcc548197eaf550f75	docs/pt-BR/concepts/channel-routing.md	theirs_upstream
4641e452dd51f45d2a6e29fcc548197eaf550f75	docs/pt-BR/concepts/group-messages.md	theirs_upstream
4641e452dd51f45d2a6e29fcc548197eaf550f75	docs/pt-BR/concepts/groups.md	theirs_upstream
4641e452dd51f45d2a6e29fcc548197eaf550f75	docs/pt-BR/debugging.md	theirs_upstream
4641e452dd51f45d2a6e29fcc548197eaf550f75	docs/pt-BR/environment.md	theirs_upstream
4641e452dd51f45d2a6e29fcc548197eaf550f75	docs/pt-BR/gateway/security/formal-verification.md	theirs_upstream
4641e452dd51f45d2a6e29fcc548197eaf550f75	docs/pt-BR/hooks.md	theirs_upstream
4641e452dd51f45d2a6e29fcc548197eaf550f75	docs/pt-BR/hooks/soul-evil.md	theirs_upstream
4641e452dd51f45d2a6e29fcc548197eaf550f75	docs/pt-BR/multi-agent-sandbox-tools.md	theirs_upstream
4641e452dd51f45d2a6e29fcc548197eaf550f75	docs/pt-BR/scripts.md	theirs_upstream
4641e452dd51f45d2a6e29fcc548197eaf550f75	docs/pt-BR/start/pairing.md	theirs_upstream
4641e452dd51f45d2a6e29fcc548197eaf550f75	docs/pt-BR/testing.md	theirs_upstream
4641e452dd51f45d2a6e29fcc548197eaf550f75	docs/pt-BR/token-use.md	theirs_upstream
4641e452dd51f45d2a6e29fcc548197eaf550f75	post-continue-empty	skip
84764eea52cd2a86a4f1eae2bd29559437c3f4df	docs/docs.json	ours_custom
84764eea52cd2a86a4f1eae2bd29559437c3f4df	post-continue-empty	skip
0291ce30a813be5ef6d8084d042977278fe9c59c	empty	skip
0764999e2cda2252893965bf632cd3fcc761ded4	extensions/voice-call/src/webhook.ts	ours_custom
0764999e2cda2252893965bf632cd3fcc761ded4	post-continue-empty	skip
a6c741eb463064b106e79f0c7baf30f8846eb769	src/agents/subagent-registry.ts	ours_custom
a6c741eb463064b106e79f0c7baf30f8846eb769	post-continue-empty	skip
de900bace8986e4d38c75ec6724fb34d34d30ca3	src/agents/subagent-registry.ts	ours_custom
de900bace8986e4d38c75ec6724fb34d34d30ca3	post-continue-empty	skip
95024d167147d3ee3a349f08cce34b17bccaff67	extensions/voice-call/src/webhook.ts	ours_custom
95024d167147d3ee3a349f08cce34b17bccaff67	post-continue-empty	skip
1d81cc4f1ff1c99dfd386c7965a52f4242cf1a60	src/linq/monitor.ts	theirs_upstream
1d81cc4f1ff1c99dfd386c7965a52f4242cf1a60	src/linq/probe.ts	theirs_upstream
1d81cc4f1ff1c99dfd386c7965a52f4242cf1a60	src/linq/send.ts	theirs_upstream
1d81cc4f1ff1c99dfd386c7965a52f4242cf1a60	post-continue-empty	skip
60bd154e5a335aa00d54ed04032562d01f99243b	src/linq/monitor.ts	theirs_upstream
60bd154e5a335aa00d54ed04032562d01f99243b	post-continue-empty	skip
b91e43714b4e937f33f1c63fe781eb98e20d8756	extensions/linq/src/channel.ts	ours_custom
b91e43714b4e937f33f1c63fe781eb98e20d8756	src/plugin-sdk/index.ts	ours_custom
b91e43714b4e937f33f1c63fe781eb98e20d8756	post-continue-empty	skip
6757a9fedc2e8686b44b60fa07c3436fe6fc1c18	src/telegram/update-offset-store.test.ts	ours_custom
6757a9fedc2e8686b44b60fa07c3436fe6fc1c18	post-continue-empty	skip
9aa8db5c812dd885685bcffa5824abaff5b15535	src/commands/configure.gateway.e2e.test.ts	theirs_upstream
9aa8db5c812dd885685bcffa5824abaff5b15535	post-continue-empty	skip
153794080eccd1d8b1fe98763ea76162ae1c3b4c	src/media-understanding/providers/google/inline-data.ts	theirs_upstream
153794080eccd1d8b1fe98763ea76162ae1c3b4c	post-continue-empty	skip
65aedac20e535bea40a74a5f96f988738a5a8307	src/memory/manager.ts	ours_custom
65aedac20e535bea40a74a5f96f988738a5a8307	post-continue-empty	skip
bcab2469de779aa9c3479a5cb5474acc34dd18a1	src/memory/manager-embedding-ops.ts	theirs_upstream
bcab2469de779aa9c3479a5cb5474acc34dd18a1	src/memory/manager-sync-ops.ts	theirs_upstream
bcab2469de779aa9c3479a5cb5474acc34dd18a1	src/memory/manager.ts	ours_custom
bcab2469de779aa9c3479a5cb5474acc34dd18a1	post-continue-empty	skip
d4c057f8c100a4e4d7e5d443bc10e606244f9d67	src/auto-reply/reply/inbound-meta.test.ts	ours_custom
d4c057f8c100a4e4d7e5d443bc10e606244f9d67	post-continue-empty	skip
aeec95f870dd6ca24ea9aea296c61d0f2c149dd4	src/gateway/server-methods/update.ts	ours_custom
aeec95f870dd6ca24ea9aea296c61d0f2c149dd4	post-continue-empty	skip
5a3a448bc48dc9e72530b46195476a48845bb8da	src/agents/tools/sessions-spawn-tool.ts	ours_custom
5a3a448bc48dc9e72530b46195476a48845bb8da	src/auto-reply/commands-registry.data.ts	ours_custom
5a3a448bc48dc9e72530b46195476a48845bb8da	src/auto-reply/reply/commands-subagents-spawn.test.ts	ours_custom
5a3a448bc48dc9e72530b46195476a48845bb8da	src/auto-reply/reply/commands-subagents.ts	ours_custom
5a3a448bc48dc9e72530b46195476a48845bb8da	post-continue-empty	skip
6e1edc7d62c8759b52dcf518d36703a53e0b2da8	appcast.xml	ours_custom
6e1edc7d62c8759b52dcf518d36703a53e0b2da8	post-continue-empty	skip
0b8b95f2c97f6ececcd28a7a8b2a7557931ef62f	src/infra/update-runner.test.ts	theirs_upstream
0b8b95f2c97f6ececcd28a7a8b2a7557931ef62f	post-continue-empty	skip
afd354c482d966a4a68d6179104bf289772057a5	src/commands/models/set.ts	theirs_upstream
afd354c482d966a4a68d6179104bf289772057a5	post-continue-empty	skip
46bf210e048a6ad7a7bddb6b97f6ee91191545eb	src/agents/pi-embedded-runner.sanitize-session-history.test.ts	ours_custom
46bf210e048a6ad7a7bddb6b97f6ee91191545eb	post-continue-empty	skip
b57d29d833920f37cc45d69712fdce3bade95275	src/slack/monitor/media.ts	ours_custom
b57d29d833920f37cc45d69712fdce3bade95275	post-continue-empty	skip
312a7f7880bb3af8efdecf62bd1a89217d1901b3	src/agents/bash-tools.exec-runtime.ts	ours_custom
312a7f7880bb3af8efdecf62bd1a89217d1901b3	post-continue-empty	skip
1bef2fc68bc512c886c25ef1dfba67f58c90e811	extensions/whatsapp/src/channel.ts	ours_custom
1bef2fc68bc512c886c25ef1dfba67f58c90e811	post-continue-empty	skip
c529e6005a3e9e112883d86a973abc1e59e22e1d	src/auto-reply/reply/commands-mesh.ts	ours_custom
c529e6005a3e9e112883d86a973abc1e59e22e1d	post-continue-empty	skip
33cf27a52a5ecfff80179570f3bc9dd331d2947d	src/memory/mmr.ts	theirs_upstream
33cf27a52a5ecfff80179570f3bc9dd331d2947d	post-continue-empty	skip
6b3e0710f4a05135fa57798dcc3ff9668e6a061a	docs/concepts/memory.md	ours_custom
6b3e0710f4a05135fa57798dcc3ff9668e6a061a	src/config/schema.ts	ours_custom
6b3e0710f4a05135fa57798dcc3ff9668e6a061a	src/memory/hybrid.ts	theirs_upstream
6b3e0710f4a05135fa57798dcc3ff9668e6a061a	src/memory/manager.ts	ours_custom
6b3e0710f4a05135fa57798dcc3ff9668e6a061a	src/memory/temporal-decay.ts	theirs_upstream
6b3e0710f4a05135fa57798dcc3ff9668e6a061a	post-continue-empty	skip
fa9420069ab39f36fc47ca23b0ea909025a0a447	CHANGELOG.md	ours_custom
fa9420069ab39f36fc47ca23b0ea909025a0a447	src/memory/hybrid.ts	theirs_upstream
fa9420069ab39f36fc47ca23b0ea909025a0a447	src/memory/mmr.ts	theirs_upstream
fa9420069ab39f36fc47ca23b0ea909025a0a447	post-continue-empty	skip
e91a5b021648bec6f4d3566d9e348e7223b36cb5	src/agents/session-write-lock.ts	ours_custom
e91a5b021648bec6f4d3566d9e348e7223b36cb5	post-continue-empty	skip
e24e465c00c5e884960ea701bcade71c4bf687eb	ui/src/ui/chat/message-extract.ts	ours_custom
e24e465c00c5e884960ea701bcade71c4bf687eb	post-continue-empty	skip
cd4f7524e36aa7f2bcfca0fcbe236505e4ecf54b	src/telegram/bot-handlers.ts	ours_custom
cd4f7524e36aa7f2bcfca0fcbe236505e4ecf54b	post-continue-empty	skip
8af4712c4066660735313f2cc26220656362e705	src/cron/service/jobs.ts	theirs_upstream
8af4712c4066660735313f2cc26220656362e705	post-continue-empty	skip
d0a5ee0176c888be150419205d22f3de0193ac6d	src/cli/daemon-cli/lifecycle-core.ts	theirs_upstream
d0a5ee0176c888be150419205d22f3de0193ac6d	post-continue-empty	skip
a1a1f568415d98ccedfa91e4a290cffa6ecb953e	src/process/supervisor/adapters/child.test.ts	theirs_upstream
a1a1f568415d98ccedfa91e4a290cffa6ecb953e	src/process/supervisor/adapters/child.ts	theirs_upstream
a1a1f568415d98ccedfa91e4a290cffa6ecb953e	post-continue-empty	skip
4e5a9d83b780861cecce2916d10a445b3198bf53	src/gateway/net.ts	ours_custom
4e5a9d83b780861cecce2916d10a445b3198bf53	post-continue-empty	skip
068260bbeac306064e4bd0495f7ed10ad38e1fe4	src/commands/onboard-custom.ts	theirs_upstream
068260bbeac306064e4bd0495f7ed10ad38e1fe4	post-continue-empty	skip
d6acd71576cda5a319abbcc244614eb5be91045d	src/hooks/bundled/session-memory/handler.ts	theirs_upstream
d6acd71576cda5a319abbcc244614eb5be91045d	post-continue-empty	skip
a62ff19a6638087d97b10e916a831f32c0b36cd7	src/agents/pi-embedded-runner/run.ts	ours_custom
a62ff19a6638087d97b10e916a831f32c0b36cd7	post-continue-empty	skip
811c4f5e91cb611c0b50152a6777e7093b7197c7	src/auto-reply/reply/post-compaction-audit.ts	ours_custom
811c4f5e91cb611c0b50152a6777e7093b7197c7	post-continue-empty	skip
c4f829411f6988c90afc89ef86be2f8328ec8cc3	src/agents/pi-extensions/compaction-safeguard.ts	ours_custom
c4f829411f6988c90afc89ef86be2f8328ec8cc3	post-continue-empty	skip
6931ca7035fe26e6aec1c1b78a08340274d752e7	src/agents/subagent-announce.ts	ours_custom
6931ca7035fe26e6aec1c1b78a08340274d752e7	post-continue-empty	skip
1fca7c39289a1a3bb204580859f2dfcfde61fa60	src/channels/dock.ts	ours_custom
1fca7c39289a1a3bb204580859f2dfcfde61fa60	post-continue-empty	skip
952db1a3e2f3db4250ae3c252c4b1f0eb4f4b01b	src/discord/monitor/reply-delivery.ts	ours_custom
952db1a3e2f3db4250ae3c252c4b1f0eb4f4b01b	post-continue-empty	skip
3c3a39d1650feea71b779d6dcb77758346e2801c	src/config/sessions.test.ts	ours_custom
3c3a39d1650feea71b779d6dcb77758346e2801c	post-continue-empty	skip
4cd75d5d0f2d9bfce28f0c286db269c2afc79a15	package.json	ours_custom
4cd75d5d0f2d9bfce28f0c286db269c2afc79a15	pnpm-lock.yaml	ours_custom
4cd75d5d0f2d9bfce28f0c286db269c2afc79a15	post-continue-empty	skip
ffe700bf94c7f49fdc861801fbd44d0fa72a5172	package.json	ours_custom
ffe700bf94c7f49fdc861801fbd44d0fa72a5172	pnpm-lock.yaml	ours_custom
ffe700bf94c7f49fdc861801fbd44d0fa72a5172	post-continue-empty	skip
068b9c97498d36e5d155404ff4aa7cd51a57afde	empty	skip
7bb9a7dcfc3194a953f0ca20f86f9caba8a22923	src/channels/plugins/actions/actions.test.ts	ours_custom
7bb9a7dcfc3194a953f0ca20f86f9caba8a22923	post-continue-empty	skip
b4a90bb7430079613a205bc0dbcfa59d51657127	src/telegram/send.returns-undefined-empty-input.test.ts	ours_custom
b4a90bb7430079613a205bc0dbcfa59d51657127	src/telegram/send.ts	ours_custom
b4a90bb7430079613a205bc0dbcfa59d51657127	post-continue-empty	skip
5b3873add41ab8ab79ab804715afb4db83c760c2	src/agents/skills/workspace.ts	ours_custom
5b3873add41ab8ab79ab804715afb4db83c760c2	post-continue-empty	skip
84383b5e0f7229c8352a8d3063d00138f0a1e7b7	src/tts/tts.ts	theirs_upstream
84383b5e0f7229c8352a8d3063d00138f0a1e7b7	post-continue-empty	skip
e997545d4bc292262e4555b5ee321f13d321fcd7	src/discord/monitor/provider.ts	ours_custom
e997545d4bc292262e4555b5ee321f13d321fcd7	post-continue-empty	skip
dacffd7ac8762415298c3ee07a6e7e2d27b710cd	src/agents/sandbox/fs-paths.test.ts	ours_custom
dacffd7ac8762415298c3ee07a6e7e2d27b710cd	src/agents/sandbox/fs-paths.ts	ours_custom
dacffd7ac8762415298c3ee07a6e7e2d27b710cd	post-continue-empty	skip
076df941a3265067602e0951a4233cfb7e8597ea	src/agents/pi-tools.before-tool-call.test.ts	ours_custom
076df941a3265067602e0951a4233cfb7e8597ea	src/agents/pi-tools.before-tool-call.ts	ours_custom
076df941a3265067602e0951a4233cfb7e8597ea	src/agents/pi-tools.ts	ours_custom
076df941a3265067602e0951a4233cfb7e8597ea	src/agents/tool-loop-detection.test.ts	ours_custom
076df941a3265067602e0951a4233cfb7e8597ea	src/agents/tool-loop-detection.ts	ours_custom
076df941a3265067602e0951a4233cfb7e8597ea	src/config/schema.labels.ts	ours_custom
076df941a3265067602e0951a4233cfb7e8597ea	src/config/types.tools.ts	ours_custom
076df941a3265067602e0951a4233cfb7e8597ea	src/config/zod-schema.agent-runtime.ts	ours_custom
076df941a3265067602e0951a4233cfb7e8597ea	post-continue-empty	skip
13ae1ae056d79e6bda1b1e966b09b9070de8f15d	src/memory/manager-embedding-ops.ts	theirs_upstream
13ae1ae056d79e6bda1b1e966b09b9070de8f15d	src/memory/manager-sync-ops.ts	theirs_upstream
13ae1ae056d79e6bda1b1e966b09b9070de8f15d	post-continue-empty	skip
5a39e13c929c4d6840242d42538b027741a7a0bf	CHANGELOG.md	ours_custom
5a39e13c929c4d6840242d42538b027741a7a0bf	apps/ios/Sources/Info.plist	ours_custom
5a39e13c929c4d6840242d42538b027741a7a0bf	apps/ios/Sources/Status/StatusActivityBuilder.swift	ours_custom
5a39e13c929c4d6840242d42538b027741a7a0bf	post-continue-empty	skip
c20ef582cb4beba9a362467568cdf028d7358c3e	CHANGELOG.md	ours_custom
c20ef582cb4beba9a362467568cdf028d7358c3e	src/gateway/server-cron.ts	ours_custom
c20ef582cb4beba9a362467568cdf028d7358c3e	post-continue-empty	skip
6244ef9ea85871f48cc064ecdd6f20b16fc6756b	src/agents/sandbox/fs-paths.test.ts	ours_custom
6244ef9ea85871f48cc064ecdd6f20b16fc6756b	src/agents/sandbox/fs-paths.ts	ours_custom
6244ef9ea85871f48cc064ecdd6f20b16fc6756b	post-continue-empty	skip
742e6543c7ab342d2771cd8e6e7349846b805fea	ui/src/i18n/lib/translate.ts	ours_custom
742e6543c7ab342d2771cd8e6e7349846b805fea	ui/src/ui/app.ts	ours_custom
742e6543c7ab342d2771cd8e6e7349846b805fea	ui/src/ui/views/overview.ts	ours_custom
742e6543c7ab342d2771cd8e6e7349846b805fea	post-continue-empty	skip
d6226355e653f87e08343c9154188784d0d9e937	src/slack/monitor/events/interactions.test.ts	ours_custom
d6226355e653f87e08343c9154188784d0d9e937	src/slack/monitor/events/interactions.ts	ours_custom
d6226355e653f87e08343c9154188784d0d9e937	post-continue-empty	skip
f242246839a66d534ea5ed4419c40c04a34cd01b	CHANGELOG.md	ours_custom
f242246839a66d534ea5ed4419c40c04a34cd01b	src/auto-reply/reply/commands-subagents.ts	ours_custom
f242246839a66d534ea5ed4419c40c04a34cd01b	post-continue-empty	skip
9789dfd95b1798f20cc6b980f58d783c0c80edba	CHANGELOG.md	ours_custom
9789dfd95b1798f20cc6b980f58d783c0c80edba	vitest.config.ts	theirs_upstream
9789dfd95b1798f20cc6b980f58d783c0c80edba	post-continue-empty	skip
fb6e415d0c52abd30aba211a1f3fda49a7453d1e	CHANGELOG.md	ours_custom
fb6e415d0c52abd30aba211a1f3fda49a7453d1e	src/agents/pi-embedded-runner/compact.ts	ours_custom
fb6e415d0c52abd30aba211a1f3fda49a7453d1e	src/agents/session-write-lock.e2e.test.ts	ours_custom
fb6e415d0c52abd30aba211a1f3fda49a7453d1e	src/agents/session-write-lock.ts	ours_custom
fb6e415d0c52abd30aba211a1f3fda49a7453d1e	post-continue-empty	skip
1f850374f6e7bc8e178f548bddb8095f32ef2f9a	CHANGELOG.md	ours_custom
1f850374f6e7bc8e178f548bddb8095f32ef2f9a	src/config/config-misc.test.ts	ours_custom
1f850374f6e7bc8e178f548bddb8095f32ef2f9a	src/gateway/server-channels.ts	ours_custom
1f850374f6e7bc8e178f548bddb8095f32ef2f9a	post-continue-empty	skip
a75e95be02fe6b7b6bcc59e5b96b5d2514afe4d2	src/agents/pi-embedded-subscribe.handlers.tools.test.ts	ours_custom
a75e95be02fe6b7b6bcc59e5b96b5d2514afe4d2	src/agents/pi-embedded-subscribe.handlers.tools.ts	ours_custom
a75e95be02fe6b7b6bcc59e5b96b5d2514afe4d2	src/agents/pi-embedded-subscribe.handlers.types.ts	ours_custom
a75e95be02fe6b7b6bcc59e5b96b5d2514afe4d2	src/plugins/wired-hooks-after-tool-call.e2e.test.ts	theirs_upstream
a75e95be02fe6b7b6bcc59e5b96b5d2514afe4d2	post-continue-empty	skip
111a24d55cb1bc863d1c2cb5e34d15a616a4220b	CHANGELOG.md	ours_custom
111a24d55cb1bc863d1c2cb5e34d15a616a4220b	src/cli/daemon-cli/lifecycle-core.ts	theirs_upstream
111a24d55cb1bc863d1c2cb5e34d15a616a4220b	src/cli/daemon-cli/lifecycle.ts	theirs_upstream
111a24d55cb1bc863d1c2cb5e34d15a616a4220b	post-continue-empty	skip
dff8692613d586dd9e4759b6a3efe66509d811a9	CHANGELOG.md	ours_custom
dff8692613d586dd9e4759b6a3efe66509d811a9	src/auto-reply/command-control.test.ts	ours_custom
dff8692613d586dd9e4759b6a3efe66509d811a9	src/channels/dock.ts	ours_custom
dff8692613d586dd9e4759b6a3efe66509d811a9	post-continue-empty	skip
366da7569a3fe8cae340d9e6c2923e36f68fb044	CHANGELOG.md	ours_custom
366da7569a3fe8cae340d9e6c2923e36f68fb044	post-continue-empty	skip
e74ec2acd3c7252bfcdf7ee82196791bef171447	src/cron/service.issue-regressions.test.ts	theirs_upstream
e74ec2acd3c7252bfcdf7ee82196791bef171447	post-continue-empty	skip
19f8b6bf4fd8de34e25077080908c6975756eb6c	CHANGELOG.md	ours_custom
19f8b6bf4fd8de34e25077080908c6975756eb6c	post-continue-empty	skip
afd78133bade01cef39035763cab7737e90930ca	ui/src/ui/chat/message-extract.ts	ours_custom
afd78133bade01cef39035763cab7737e90930ca	post-continue-empty	skip
3211280bed557b4648ce94431b83ad1c0dd8e444	CHANGELOG.md	ours_custom
3211280bed557b4648ce94431b83ad1c0dd8e444	post-continue-empty	skip
dd0b789669c0a430207e2c437ac8e777641fe267	CHANGELOG.md	ours_custom
dd0b789669c0a430207e2c437ac8e777641fe267	post-continue-empty	skip
f44e3b2a340cf4f5c7bbaf8da18c49491ed506b6	src/agents/chutes-oauth.e2e.test.ts	ours_custom
f44e3b2a340cf4f5c7bbaf8da18c49491ed506b6	src/agents/tools/web-fetch.ssrf.e2e.test.ts	ours_custom
f44e3b2a340cf4f5c7bbaf8da18c49491ed506b6	src/agents/tools/web-tools.enabled-defaults.e2e.test.ts	ours_custom
f44e3b2a340cf4f5c7bbaf8da18c49491ed506b6	src/commands/chutes-oauth.e2e.test.ts	theirs_upstream
f44e3b2a340cf4f5c7bbaf8da18c49491ed506b6	src/commands/models/set.ts	theirs_upstream
f44e3b2a340cf4f5c7bbaf8da18c49491ed506b6	src/memory/embeddings-voyage.test.ts	theirs_upstream
f44e3b2a340cf4f5c7bbaf8da18c49491ed506b6	src/slack/monitor/media.test.ts	ours_custom
f44e3b2a340cf4f5c7bbaf8da18c49491ed506b6	src/test-utils/fetch-mock.ts	theirs_upstream
f44e3b2a340cf4f5c7bbaf8da18c49491ed506b6	post-continue-empty	skip
9f261f592df8386e2de222c6329b4dda2f2022f5	CHANGELOG.md	ours_custom
9f261f592df8386e2de222c6329b4dda2f2022f5	post-continue-empty	skip
5db95cd8d52f30af5535ad6794c4f0b1b3d4be15	extensions/openai-codex-auth/index.ts	ours_custom
5db95cd8d52f30af5535ad6794c4f0b1b3d4be15	post-continue-empty	skip
7ffc8f9f7ccf0fa80d9708102344932a9a62b93d	src/channels/draft-stream-loop.ts	ours_custom
7ffc8f9f7ccf0fa80d9708102344932a9a62b93d	src/telegram/bot-message-dispatch.test.ts	ours_custom
7ffc8f9f7ccf0fa80d9708102344932a9a62b93d	src/telegram/bot-message-dispatch.ts	ours_custom
7ffc8f9f7ccf0fa80d9708102344932a9a62b93d	src/telegram/draft-stream.ts	ours_custom
7ffc8f9f7ccf0fa80d9708102344932a9a62b93d	post-continue-empty	skip
e1015a51975552185b077b8bd6e3c4391b859ed5	CHANGELOG.md	ours_custom
e1015a51975552185b077b8bd6e3c4391b859ed5	src/auto-reply/reply/inbound-meta.test.ts	ours_custom
e1015a51975552185b077b8bd6e3c4391b859ed5	post-continue-empty	skip
583844ecf6c153a8b3748523d68f654224875467	CHANGELOG.md	ours_custom
583844ecf6c153a8b3748523d68f654224875467	src/telegram/bot-message-dispatch.test.ts	ours_custom
583844ecf6c153a8b3748523d68f654224875467	src/telegram/bot-message-dispatch.ts	ours_custom
583844ecf6c153a8b3748523d68f654224875467	post-continue-empty	skip
60dc3741c0362a5a64adf6c12634986fa430ed7e	CHANGELOG.md	ours_custom
60dc3741c0362a5a64adf6c12634986fa430ed7e	post-continue-empty	skip
9d9630c83a41adb82632e13d5349fff3330a3e29	src/telegram/send.returns-undefined-empty-input.test.ts	ours_custom
9d9630c83a41adb82632e13d5349fff3330a3e29	src/telegram/send.ts	ours_custom
9d9630c83a41adb82632e13d5349fff3330a3e29	post-continue-empty	skip
b0d4c9b7219896c470c2959f1bdcef8a567b02f1	src/discord/monitor/message-handler.process.ts	ours_custom
b0d4c9b7219896c470c2959f1bdcef8a567b02f1	post-continue-empty	skip
b20339a2329639a23fca6cc0d317619f21064bbb	src/auto-reply/reply/reply-plumbing.test.ts	ours_custom
b20339a2329639a23fca6cc0d317619f21064bbb	src/channels/dock.ts	ours_custom
b20339a2329639a23fca6cc0d317619f21064bbb	src/channels/plugins/plugins-channel.test.ts	ours_custom
b20339a2329639a23fca6cc0d317619f21064bbb	post-continue-empty	skip
32d12fcae9e1a4d4165d217037dfcbece6e2953d	src/telegram/bot-handlers.ts	ours_custom
32d12fcae9e1a4d4165d217037dfcbece6e2953d	src/telegram/bot.create-telegram-bot.test.ts	ours_custom
32d12fcae9e1a4d4165d217037dfcbece6e2953d	post-continue-empty	skip
087dca8fa9f597eb968d51299fd04b16f3d01fea	src/agents/pi-tools.read.ts	ours_custom
087dca8fa9f597eb968d51299fd04b16f3d01fea	src/agents/pi-tools.ts	ours_custom
087dca8fa9f597eb968d51299fd04b16f3d01fea	src/agents/subagent-announce.ts	ours_custom
087dca8fa9f597eb968d51299fd04b16f3d01fea	src/channels/plugins/outbound/imessage.ts	ours_custom
087dca8fa9f597eb968d51299fd04b16f3d01fea	src/discord/send.shared.ts	ours_custom
087dca8fa9f597eb968d51299fd04b16f3d01fea	src/gateway/server-node-events.test.ts	ours_custom
087dca8fa9f597eb968d51299fd04b16f3d01fea	src/infra/outbound/deliver.ts	theirs_upstream
087dca8fa9f597eb968d51299fd04b16f3d01fea	post-continue-empty	skip
b2acfd606a0d69205ea25c28b7055b63e8f86852	src/agents/subagent-spawn.ts	ours_custom
b2acfd606a0d69205ea25c28b7055b63e8f86852	post-continue-empty	skip
bfc9736366561aa8ba87ee43cd5a2b195195892a	.gitignore	ours_custom
bfc9736366561aa8ba87ee43cd5a2b195195892a	apps/ios/Sources/Info.plist	ours_custom
bfc9736366561aa8ba87ee43cd5a2b195195892a	apps/ios/Sources/Model/NodeAppModel.swift	ours_custom
bfc9736366561aa8ba87ee43cd5a2b195195892a	apps/ios/Sources/Onboarding/OnboardingWizardView.swift	ours_custom
bfc9736366561aa8ba87ee43cd5a2b195195892a	apps/ios/Sources/Settings/SettingsTab.swift	ours_custom
bfc9736366561aa8ba87ee43cd5a2b195195892a	apps/ios/project.yml	ours_custom
bfc9736366561aa8ba87ee43cd5a2b195195892a	src/cron/isolated-agent/run.skill-filter.test.ts	theirs_upstream
bfc9736366561aa8ba87ee43cd5a2b195195892a	src/gateway/server-node-events.ts	ours_custom
bfc9736366561aa8ba87ee43cd5a2b195195892a	post-continue-empty	skip
c4e9bb3b99dbc90b5964fc810c00a598e8c0a628	src/telegram/bot-native-commands.test.ts	ours_custom
c4e9bb3b99dbc90b5964fc810c00a598e8c0a628	src/telegram/bot-native-commands.ts	ours_custom
c4e9bb3b99dbc90b5964fc810c00a598e8c0a628	src/telegram/bot.test.ts	ours_custom
c4e9bb3b99dbc90b5964fc810c00a598e8c0a628	post-continue-empty	skip
96f7d35dd74b87880fcd4f6bdedd7e504f70d5fc	src/gateway/server-node-events.test.ts	ours_custom
96f7d35dd74b87880fcd4f6bdedd7e504f70d5fc	src/gateway/server-node-events.ts	ours_custom
96f7d35dd74b87880fcd4f6bdedd7e504f70d5fc	post-continue-empty	skip
442b45e54ecaeb0feca23e03c0fbd4180010b92b	src/gateway/channel-health-monitor.ts	ours_custom
442b45e54ecaeb0feca23e03c0fbd4180010b92b	post-continue-empty	skip
b98b113b889f60db5cb463da66f662202e3b754c	apps/ios/ShareExtension/ShareViewController.swift	ours_custom
b98b113b889f60db5cb463da66f662202e3b754c	apps/ios/Sources/Model/NodeAppModel.swift	ours_custom
b98b113b889f60db5cb463da66f662202e3b754c	post-continue-empty	skip
c26cf6aa830c739e009e93d6b44162407ea1fb25	src/cli/cron-cli.test.ts	theirs_upstream
c26cf6aa830c739e009e93d6b44162407ea1fb25	src/cli/cron-cli/shared.ts	theirs_upstream
c26cf6aa830c739e009e93d6b44162407ea1fb25	src/cron/normalize.test.ts	theirs_upstream
c26cf6aa830c739e009e93d6b44162407ea1fb25	src/cron/normalize.ts	theirs_upstream
c26cf6aa830c739e009e93d6b44162407ea1fb25	src/cron/service.issue-regressions.test.ts	theirs_upstream
c26cf6aa830c739e009e93d6b44162407ea1fb25	src/cron/service.jobs.test.ts	theirs_upstream
c26cf6aa830c739e009e93d6b44162407ea1fb25	src/cron/service/jobs.ts	theirs_upstream
c26cf6aa830c739e009e93d6b44162407ea1fb25	src/cron/service/store.ts	theirs_upstream
c26cf6aa830c739e009e93d6b44162407ea1fb25	post-continue-empty	skip
dd4eb8bf6320faeebf2c9b3486f1f43050c5a507	src/cron/service/jobs.ts	theirs_upstream
dd4eb8bf6320faeebf2c9b3486f1f43050c5a507	post-continue-empty	skip
5c69e625f58dd012c0765430becdffc4dc175f03	src/agents/model-selection.ts	ours_custom
5c69e625f58dd012c0765430becdffc4dc175f03	src/agents/openclaw-tools.subagents.sessions-spawn-depth-limits.test.ts	ours_custom
5c69e625f58dd012c0765430becdffc4dc175f03	src/agents/openclaw-tools.subagents.sessions-spawn.model.e2e.test.ts	ours_custom
5c69e625f58dd012c0765430becdffc4dc175f03	src/agents/subagent-spawn.ts	ours_custom
5c69e625f58dd012c0765430becdffc4dc175f03	src/auto-reply/reply/commands-subagents.ts	ours_custom
5c69e625f58dd012c0765430becdffc4dc175f03	src/commands/sessions.ts	theirs_upstream
5c69e625f58dd012c0765430becdffc4dc175f03	src/commands/status.summary.ts	theirs_upstream
5c69e625f58dd012c0765430becdffc4dc175f03	src/gateway/sessions-patch.test.ts	ours_custom
5c69e625f58dd012c0765430becdffc4dc175f03	src/gateway/sessions-patch.ts	ours_custom
5c69e625f58dd012c0765430becdffc4dc175f03	post-continue-empty	skip
f07bb8e8fc1ceaea474148d5cce86fbf8a5eb81d	src/hooks/internal-hooks.test.ts	theirs_upstream
f07bb8e8fc1ceaea474148d5cce86fbf8a5eb81d	src/infra/outbound/deliver.test.ts	theirs_upstream
f07bb8e8fc1ceaea474148d5cce86fbf8a5eb81d	src/infra/outbound/deliver.ts	theirs_upstream
f07bb8e8fc1ceaea474148d5cce86fbf8a5eb81d	post-continue-empty	skip
b05e89e5e6051fbc5d455f8cdbc8c57fc1acf1fe	src/agents/openclaw-tools.ts	ours_custom
b05e89e5e6051fbc5d455f8cdbc8c57fc1acf1fe	src/agents/pi-embedded-runner/google.ts	ours_custom
b05e89e5e6051fbc5d455f8cdbc8c57fc1acf1fe	src/agents/pi-embedded-runner/run/images.ts	ours_custom
b05e89e5e6051fbc5d455f8cdbc8c57fc1acf1fe	src/agents/pi-tools.read.ts	ours_custom
b05e89e5e6051fbc5d455f8cdbc8c57fc1acf1fe	src/agents/pi-tools.ts	ours_custom
b05e89e5e6051fbc5d455f8cdbc8c57fc1acf1fe	src/agents/tools/canvas-tool.ts	ours_custom
b05e89e5e6051fbc5d455f8cdbc8c57fc1acf1fe	src/agents/tools/common.ts	ours_custom
b05e89e5e6051fbc5d455f8cdbc8c57fc1acf1fe	post-continue-empty	skip
2e91552f097555773dbfd43e7b84efea6c280571	src/media-understanding/runner.entries.ts	theirs_upstream
2e91552f097555773dbfd43e7b84efea6c280571	src/memory/embeddings-gemini.ts	theirs_upstream
2e91552f097555773dbfd43e7b84efea6c280571	post-continue-empty	skip
cfd384ead21b1268bfc09adfb16eab8d5ef588ca	CHANGELOG.md	ours_custom
cfd384ead21b1268bfc09adfb16eab8d5ef588ca	post-continue-empty	skip
4f2c57eb4eb034867134f20cd53679de7a6a3fa3	src/agents/skills/workspace.ts	ours_custom
4f2c57eb4eb034867134f20cd53679de7a6a3fa3	post-continue-empty	skip
76949001ea213ac988816209d652cc583408bb11	CHANGELOG.md	ours_custom
76949001ea213ac988816209d652cc583408bb11	post-continue-empty	skip
f42e13c17cf6414655ccb8157c3797543e0e72f1	src/channels/plugins/actions/actions.test.ts	ours_custom
f42e13c17cf6414655ccb8157c3797543e0e72f1	src/telegram/send.returns-undefined-empty-input.test.ts	ours_custom
f42e13c17cf6414655ccb8157c3797543e0e72f1	post-continue-empty	skip
6dcc052bb4407fe440a4e53aef8eeefb5903cab4	src/agents/openclaw-tools.ts	ours_custom
6dcc052bb4407fe440a4e53aef8eeefb5903cab4	src/agents/pi-embedded-runner/google.ts	ours_custom
6dcc052bb4407fe440a4e53aef8eeefb5903cab4	src/agents/pi-embedded-runner/run/images.ts	ours_custom
6dcc052bb4407fe440a4e53aef8eeefb5903cab4	src/agents/pi-tools.create-openclaw-coding-tools.adds-claude-style-aliases-schemas-without-dropping.e2e.test.ts	ours_custom
6dcc052bb4407fe440a4e53aef8eeefb5903cab4	src/agents/pi-tools.read.ts	ours_custom
6dcc052bb4407fe440a4e53aef8eeefb5903cab4	src/agents/pi-tools.ts	ours_custom
6dcc052bb4407fe440a4e53aef8eeefb5903cab4	src/agents/skills/workspace.ts	ours_custom
6dcc052bb4407fe440a4e53aef8eeefb5903cab4	src/agents/tools/canvas-tool.ts	ours_custom
6dcc052bb4407fe440a4e53aef8eeefb5903cab4	src/agents/tools/common.ts	ours_custom
6dcc052bb4407fe440a4e53aef8eeefb5903cab4	src/cli/cron-cli.test.ts	theirs_upstream
6dcc052bb4407fe440a4e53aef8eeefb5903cab4	src/cli/cron-cli/shared.ts	theirs_upstream
6dcc052bb4407fe440a4e53aef8eeefb5903cab4	src/cron/normalize.ts	theirs_upstream
6dcc052bb4407fe440a4e53aef8eeefb5903cab4	src/cron/service.issue-regressions.test.ts	theirs_upstream
6dcc052bb4407fe440a4e53aef8eeefb5903cab4	src/cron/service.jobs.test.ts	theirs_upstream
6dcc052bb4407fe440a4e53aef8eeefb5903cab4	src/cron/service.jobs.top-of-hour-stagger.test.ts	theirs_upstream
6dcc052bb4407fe440a4e53aef8eeefb5903cab4	src/cron/service/jobs.ts	theirs_upstream
6dcc052bb4407fe440a4e53aef8eeefb5903cab4	src/cron/service/store.ts	theirs_upstream
6dcc052bb4407fe440a4e53aef8eeefb5903cab4	src/gateway/channel-health-monitor.test.ts	ours_custom
6dcc052bb4407fe440a4e53aef8eeefb5903cab4	src/gateway/server-node-events.test.ts	ours_custom
6dcc052bb4407fe440a4e53aef8eeefb5903cab4	src/gateway/server-node-events.ts	ours_custom
6dcc052bb4407fe440a4e53aef8eeefb5903cab4	src/infra/outbound/deliver.test.ts	theirs_upstream
6dcc052bb4407fe440a4e53aef8eeefb5903cab4	src/infra/outbound/deliver.ts	theirs_upstream
6dcc052bb4407fe440a4e53aef8eeefb5903cab4	src/media-understanding/runner.entries.ts	theirs_upstream
6dcc052bb4407fe440a4e53aef8eeefb5903cab4	src/memory/embeddings-gemini.ts	theirs_upstream
6dcc052bb4407fe440a4e53aef8eeefb5903cab4	src/slack/monitor/message-handler/dispatch.ts	ours_custom
6dcc052bb4407fe440a4e53aef8eeefb5903cab4	src/telegram/send.returns-undefined-empty-input.test.ts	ours_custom
6dcc052bb4407fe440a4e53aef8eeefb5903cab4	post-continue-empty	skip
4134875c311fbb7f677fb9181a883431444cf3e9	src/auto-reply/reply/commands-subagents.ts	ours_custom
4134875c311fbb7f677fb9181a883431444cf3e9	post-continue-empty	skip
e2dd827ca4bac832c16865c42082a6455a588c3b	src/agents/subagent-announce.ts	ours_custom
e2dd827ca4bac832c16865c42082a6455a588c3b	src/agents/subagent-registry.ts	ours_custom
e2dd827ca4bac832c16865c42082a6455a588c3b	src/agents/subagent-spawn.ts	ours_custom
e2dd827ca4bac832c16865c42082a6455a588c3b	src/auto-reply/reply/commands-subagents-spawn.test.ts	ours_custom
e2dd827ca4bac832c16865c42082a6455a588c3b	src/auto-reply/reply/commands-subagents.ts	ours_custom
e2dd827ca4bac832c16865c42082a6455a588c3b	post-continue-empty	skip
fa4f66255ce1bb3235de9ec1b3eaccb0a04832a0	docs/tools/slash-commands.md	ours_custom
fa4f66255ce1bb3235de9ec1b3eaccb0a04832a0	docs/tools/subagents.md	theirs_upstream
fa4f66255ce1bb3235de9ec1b3eaccb0a04832a0	src/agents/subagent-announce.format.e2e.test.ts	ours_custom
fa4f66255ce1bb3235de9ec1b3eaccb0a04832a0	src/agents/subagent-announce.ts	ours_custom
fa4f66255ce1bb3235de9ec1b3eaccb0a04832a0	src/agents/tools/sessions-spawn-tool.ts	ours_custom
fa4f66255ce1bb3235de9ec1b3eaccb0a04832a0	post-continue-empty	skip
0dd97feb41f847ee754b599caa5f763b1b865251	src/agents/subagent-announce.format.e2e.test.ts	ours_custom
0dd97feb41f847ee754b599caa5f763b1b865251	src/agents/subagent-announce.ts	ours_custom
0dd97feb41f847ee754b599caa5f763b1b865251	post-continue-empty	skip
81db05962752ae152c9fe3c4946e81b13237ba14	src/agents/subagent-announce.format.e2e.test.ts	ours_custom
81db05962752ae152c9fe3c4946e81b13237ba14	src/agents/subagent-announce.ts	ours_custom
81db05962752ae152c9fe3c4946e81b13237ba14	post-continue-empty	skip
289f215b3160015588789f6345ee11569ac5c1cf	src/agents/subagent-announce.format.e2e.test.ts	ours_custom
289f215b3160015588789f6345ee11569ac5c1cf	src/agents/subagent-announce.ts	ours_custom
289f215b3160015588789f6345ee11569ac5c1cf	post-continue-empty	skip
a420fa04173826c4369bd64b8f101131ef6ade11	src/agents/subagent-announce.format.e2e.test.ts	ours_custom
a420fa04173826c4369bd64b8f101131ef6ade11	post-continue-empty	skip
8984f31876d30b523383e2cfd2f21027adc03255	src/agents/subagent-registry.ts	ours_custom
8984f31876d30b523383e2cfd2f21027adc03255	post-continue-empty	skip
edf7d6af61568eade21d302e268c252858bbf8ec	docs/tools/index.md	ours_custom
edf7d6af61568eade21d302e268c252858bbf8ec	docs/tools/subagents.md	theirs_upstream
edf7d6af61568eade21d302e268c252858bbf8ec	src/agents/subagent-announce.ts	ours_custom
edf7d6af61568eade21d302e268c252858bbf8ec	src/agents/subagent-registry.ts	ours_custom
edf7d6af61568eade21d302e268c252858bbf8ec	post-continue-empty	skip
d1c00dbb7c64a39e205464dae7f2a068420e91c1	src/commands/doctor-config-flow.ts	theirs_upstream
d1c00dbb7c64a39e205464dae7f2a068420e91c1	src/config/includes.ts	ours_custom
d1c00dbb7c64a39e205464dae7f2a068420e91c1	post-continue-empty	skip
c90b09cb02b2a1387d4e23d73c9afe3a26c0bb87	src/agents/pi-embedded-runner-extraparams.e2e.test.ts	ours_custom
c90b09cb02b2a1387d4e23d73c9afe3a26c0bb87	post-continue-empty	skip
34851a78b2bbe517d6f5e6acc13a6db666bb2f6d	src/auto-reply/reply/commands-subagents-spawn.test.ts	ours_custom
34851a78b2bbe517d6f5e6acc13a6db666bb2f6d	src/auto-reply/reply/commands-subagents.ts	ours_custom
34851a78b2bbe517d6f5e6acc13a6db666bb2f6d	post-continue-empty	skip
f25bbbc37eb412b35093d8c1dfe44f714d2ecbe2	src/commands/model-picker.ts	theirs_upstream
f25bbbc37eb412b35093d8c1dfe44f714d2ecbe2	post-continue-empty	skip
99db4d13e5c139883ef0def9ff963e9273179655	src/gateway/server-cron.test.ts	ours_custom
99db4d13e5c139883ef0def9ff963e9273179655	post-continue-empty	skip
516046dba86360b6b7724230cb00eb9621a13470	src/commands/doctor-config-flow.ts	theirs_upstream
516046dba86360b6b7724230cb00eb9621a13470	post-continue-empty	skip
442fdbf3d897e61e06d2ab308ed2048ef45fc85c	CHANGELOG.md	ours_custom
442fdbf3d897e61e06d2ab308ed2048ef45fc85c	src/infra/net/ssrf.test.ts	theirs_upstream
442fdbf3d897e61e06d2ab308ed2048ef45fc85c	src/infra/net/ssrf.ts	theirs_upstream
442fdbf3d897e61e06d2ab308ed2048ef45fc85c	post-continue-empty	skip
50e5553533dd36a1e84d46d5f2fcb1fed610fcaf	src/agents/subagent-registry.ts	ours_custom
50e5553533dd36a1e84d46d5f2fcb1fed610fcaf	src/cli/acp-cli.option-collisions.test.ts	theirs_upstream
50e5553533dd36a1e84d46d5f2fcb1fed610fcaf	src/cli/browser-cli-state.option-collisions.test.ts	theirs_upstream
50e5553533dd36a1e84d46d5f2fcb1fed610fcaf	src/cli/daemon-cli/register-service-commands.test.ts	theirs_upstream
50e5553533dd36a1e84d46d5f2fcb1fed610fcaf	src/cli/update-cli.option-collisions.test.ts	theirs_upstream
50e5553533dd36a1e84d46d5f2fcb1fed610fcaf	post-continue-empty	skip
28bac46c92069dc728524fbf383024c1b64e5c23	CHANGELOG.md	ours_custom
28bac46c92069dc728524fbf383024c1b64e5c23	docs/tools/exec.md	theirs_upstream
28bac46c92069dc728524fbf383024c1b64e5c23	src/infra/exec-approvals-allowlist.ts	theirs_upstream
28bac46c92069dc728524fbf383024c1b64e5c23	src/infra/exec-approvals.test.ts	theirs_upstream
28bac46c92069dc728524fbf383024c1b64e5c23	post-continue-empty	skip
35016a380c009d04cfed5289890cf6af79b5e1ce	src/agents/session-write-lock.ts	ours_custom
35016a380c009d04cfed5289890cf6af79b5e1ce	post-continue-empty	skip
bb84452c625eafa53064c169c901125ac9010770	src/signal/monitor/event-handler.mention-gating.test.ts	ours_custom
bb84452c625eafa53064c169c901125ac9010770	post-continue-empty	skip
28b8101eef7458f7b8910c7c93cb8313491c098f	src/browser/client-fetch.loopback-auth.test.ts	theirs_upstream
28b8101eef7458f7b8910c7c93cb8313491c098f	post-continue-empty	skip
e71e9a55abeca90ba7e1c5fc0ffd73ad54b32bc3	src/cli/test-runtime-capture.ts	theirs_upstream
e71e9a55abeca90ba7e1c5fc0ffd73ad54b32bc3	post-continue-empty	skip
33f30367e1baba8fa347949cca84d82b27274192	src/cli/cron-cli.test.ts	theirs_upstream
33f30367e1baba8fa347949cca84d82b27274192	post-continue-empty	skip
d833dcd731875262cdffe3fc60137dfaf53e16b3	CHANGELOG.md	ours_custom
d833dcd731875262cdffe3fc60137dfaf53e16b3	src/infra/heartbeat-runner.returns-default-unset.test.ts	theirs_upstream
d833dcd731875262cdffe3fc60137dfaf53e16b3	src/infra/heartbeat-runner.ts	ours_custom
d833dcd731875262cdffe3fc60137dfaf53e16b3	src/infra/outbound/outbound.test.ts	theirs_upstream
d833dcd731875262cdffe3fc60137dfaf53e16b3	src/infra/outbound/targets.test.ts	theirs_upstream
d833dcd731875262cdffe3fc60137dfaf53e16b3	src/infra/outbound/targets.ts	theirs_upstream
d833dcd731875262cdffe3fc60137dfaf53e16b3	post-continue-empty	skip
d16621f608ef68c1632921ae307a35b7144224ce	src/web/auto-reply.test-harness.ts	ours_custom
d16621f608ef68c1632921ae307a35b7144224ce	post-continue-empty	skip
e9b4d86e37bf1c210700f2e4071551d0fa4b8316	CHANGELOG.md	ours_custom
e9b4d86e37bf1c210700f2e4071551d0fa4b8316	apps/shared/OpenClawKit/Sources/OpenClawProtocol/AnyCodable.swift	theirs_upstream
e9b4d86e37bf1c210700f2e4071551d0fa4b8316	post-continue-empty	skip
fedebc245ea0b5cba59ec91b07171e35ec883fcf	apps/shared/OpenClawKit/Sources/OpenClawProtocol/AnyCodable.swift	theirs_upstream
fedebc245ea0b5cba59ec91b07171e35ec883fcf	post-continue-empty	skip
95aa5480a0ef4a6ad43266f93eceba745f15ced8	src/channels/plugins/onboarding/telegram.ts	ours_custom
95aa5480a0ef4a6ad43266f93eceba745f15ced8	post-continue-empty	skip
cb34e80f984e5ae5161d7ea7ee12f52977f2105a	CHANGELOG.md	ours_custom
cb34e80f984e5ae5161d7ea7ee12f52977f2105a	apps/ios/Signing.xcconfig	ours_custom
cb34e80f984e5ae5161d7ea7ee12f52977f2105a	apps/ios/Sources/Info.plist	ours_custom
cb34e80f984e5ae5161d7ea7ee12f52977f2105a	post-continue-empty	skip
